0.188287;0.78128;0.289626;-0.519872;605.867065;-86.961884;436.698578
0.188969;0.779961;0.289038;-0.521928;605.941589;-87.1436;436.405823
0.202208;0.755694;0.276342;-0.558277;606.007385;-87.307411;436.140686
0.182876;0.790043;0.294695;-0.505513;606.062866;-87.489937;435.8797
0.188388;0.780831;0.289818;-0.520403;606.131531;-87.628021;435.613007
0.18279;0.790153;0.294976;-0.505207;606.186707;-87.785255;435.375549
0.185973;0.784729;0.292189;-0.514042;606.237122;-87.94371;435.126312
0.191747;0.774728;0.286914;-0.529822;606.2948;-88.091385;434.878357
0.187107;0.782963;0.291321;-0.51681;606.359009;-88.235275;434.61261
0.176491;0.800246;0.300729;-0.487872;606.371094;-88.402702;434.409149
0.184544;0.787024;0.293639;-0.510208;606.395874;-88.559227;434.205048
0.189548;0.77855;0.289072;-0.523802;606.410339;-88.704506;434.014313
0.184501;0.787278;0.293732;-0.509779;606.438843;-88.858223;433.795929
0.191276;0.77604;0.287555;-0.527719;606.483765;-88.984489;433.515564
0.200841;0.758749;0.278352;-0.553609;606.472168;-89.099838;433.351837
0.20592;0.748788;0.273163;-0.56771;606.460266;-89.228668;433.181427
0.174562;0.803114;0.302222;-0.482906;606.343567;-89.394508;433.165222
0.176747;0.799805;0.300341;-0.488742;606.337097;-89.510857;433.006927
0.186055;0.784324;0.292036;-0.514718;606.298767;-89.641129;432.92395
0.180845;0.793029;0.296712;-0.500361;606.279541;-89.761749;432.799347
0.182427;0.790275;0.295268;-0.504977;606.255859;-89.898865;432.703003
0.185851;0.784501;0.292159;-0.514452;606.217712;-90.027252;432.632111
0.180028;0.793828;0.297285;-0.499047;606.144226;-90.181786;432.599701
0.17765;0.797461;0.299341;-0.49284;606.092957;-90.313751;432.544708
0.185303;0.784783;0.292494;-0.514029;606.023315;-90.440071;432.495453
0.184398;0.786263;0.293301;-0.511627;605.968933;-90.558784;432.386414
0.205609;0.747678;0.272728;-0.569493;605.91333;-90.652443;432.218872
0.181024;0.791329;0.296029;-0.503383;605.715942;-90.793266;432.22522
0.193215;0.770254;0.284631;-0.536993;605.57489;-90.895752;432.080597
0.202368;0.752672;0.275341;-0.562779;605.365295;-91.014145;431.951538
0.178271;0.79478;0.297794;-0.497858;604.977783;-91.155899;431.93689
0.18885;0.776778;0.287914;-0.527312;604.63208;-91.258209;431.80658
0.174564;0.79973;0.300435;-0.489589;604.109924;-91.384926;431.82373
0.181344;0.788404;0.294041;-0.508993;603.541565;-91.475548;431.739471
0.197346;0.760042;0.278557;-0.552988;602.932251;-91.539993;431.626312
0.188212;0.775983;0.287002;-0.529204;602.136414;-91.632164;431.634888
0.199449;0.754744;0.2755;-0.560965;601.264648;-91.713623;431.557343
0.196216;0.760602;0.27839;-0.552706;600.258545;-91.776268;431.479462
0.201174;0.750839;0.272981;-0.56679;599.122498;-91.836571;431.397766
0.185449;0.778789;0.287885;-0.525565;597.805969;-91.935234;431.341187
0.20489;0.741986;0.268021;-0.579346;596.454895;-92.015045;431.123108
0.179112;0.787914;0.292764;-0.511273;594.845764;-92.184639;431.062073
0.172393;0.798302;0.298359;-0.493939;593.183838;-92.363251;430.850983
0.189505;0.768474;0.281968;-0.542245;591.419495;-92.594322;430.631012
0.191634;0.764484;0.279692;-0.548281;589.601807;-92.846947;430.265442
0.198729;0.750293;0.272027;-0.56883;587.587036;-93.199707;429.924957
0.187628;0.770267;0.282866;-0.539881;585.441589;-93.610001;429.578461
0.17669;0.788573;0.293152;-0.510876;583.224976;-94.046333;429.141663
0.200357;0.745207;0.269619;-0.576046;580.873962;-94.513252;428.629242
0.191957;0.760549;0.278161;-0.554386;578.398987;-95.017807;428.045593
0.192057;0.760492;0.27825;-0.554385;575.833557;-95.490959;427.374908
0.183186;0.776026;0.287048;-0.530877;573.142212;-96.033012;426.684692
0.225347;0.689018;0.240945;-0.645305;570.4104;-96.555237;425.850555
0.204152;0.736215;0.265821;-0.587919;567.459778;-97.161728;425.186493
0.174983;0.789545;0.295189;-0.508785;564.374756;-97.822525;424.556396
0.212766;0.717158;0.256216;-0.612183;561.308655;-98.457993;423.693329
0.187623;0.76726;0.283353;-0.543894;558.083984;-99.166588;422.971741
0.227508;0.681423;0.238212;-0.653573;554.778748;-99.850014;422.154114
0.18448;0.77228;0.286677;-0.536066;551.360901;-100.557281;421.33905
0.201822;0.73874;0.268832;-0.584176;547.899048;-101.251305;420.497894
0.224145;0.68846;0.242682;-0.645667;544.388;-101.973129;419.522919
0.210625;0.719601;0.259194;-0.608794;540.707764;-102.732178;418.642029
0.211058;0.718302;0.258795;-0.610345;536.949829;-103.532646;417.68869
0.21623;0.706253;0.252784;-0.624941;533.114136;-104.387833;416.666656
0.223225;0.689726;0.24445;-0.643967;529.145691;-105.295975;415.648132
0.243629;0.634979;0.216923;-0.70028;525.057312;-106.280167;414.62738
0.232071;0.66739;0.233761;-0.667899;520.870361;-107.315125;413.467072
0.215281;0.70929;0.255932;-0.620533;516.533081;-108.383492;412.348755
0.220628;0.696998;0.250288;-0.634724;512.132324;-109.470901;411.137909
0.241707;0.642402;0.223286;-0.692127;507.670227;-110.535027;409.831665
0.25059;0.616131;0.211235;-0.716217;503.128693;-111.619751;408.49939
0.275871;0.526096;0.168493;-0.786593;498.542297;-112.721184;407.09906
0.281629;0.500525;0.157624;-0.803315;493.861206;-113.886238;405.770294
0.258537;0.590077;0.202417;-0.73756;489.136078;-115.088318;404.363312
0.289345;0.462667;0.142439;-0.825791;484.347656;-116.356087;402.923248
0.284924;0.483505;0.153757;-0.813265;479.491699;-117.671883;401.471771
0.262737;0.574028;0.198857;-0.749611;474.550171;-119.04557;399.967834
0.252257;0.61016;0.218028;-0.718704;469.546173;-120.419983;398.4216
0.288683;0.460067;0.1468;-0.82671;464.504395;-121.832169;396.74823
0.286884;0.467548;0.151756;-0.822232;459.442993;-123.255791;394.935608
0.283866;0.481145;0.159622;-0.813904;454.302399;-124.695694;393.104858
0.276104;0.516001;0.177758;-0.791146;449.10321;-126.162483;391.213104
0.30007;0.381233;0.115123;-0.866814;443.848358;-127.676994;389.329742
0.289127;0.444931;0.146667;-0.834824;438.524963;-129.198288;387.436218
0.279795;0.489973;0.169804;-0.807965;433.206696;-130.73439;385.445587
0.299962;0.365012;0.11193;-0.87422;427.875427;-132.236038;383.435394
0.314383;0.195866;0.034752;-0.92822;422.507202;-133.729187;381.455902
0.308712;0.260953;0.06643;-0.912243;417.173523;-135.163376;379.384033
0.295641;0.372427;0.120682;-0.871396;411.889465;-136.558411;377.230957
0.293802;0.378752;0.125644;-0.868585;406.643768;-137.901016;375.010498
0.309229;0.188402;0.037592;-0.93138;401.401672;-139.252487;372.777618
0.301849;0.278078;0.08146;-0.908253;396.183167;-140.577576;370.496277
0.299315;0.294632;0.09106;-0.902946;390.981903;-141.895325;368.164398
0.281096;0.432626;0.159418;-0.841668;385.730042;-143.259644;365.92276
0.295234;0.307746;0.100509;-0.898903;380.50946;-144.589447;363.661926
0.296882;0.268879;0.083172;-0.912495;375.246521;-145.91217;361.479767
0.295021;0.274025;0.086978;-0.911212;369.999023;-147.164703;359.338745
0.287771;0.337526;0.119202;-0.888288;364.769318;-148.351074;357.231293
0.295344;0.216134;0.061315;-0.9286;359.588715;-149.405441;355.162628
0.283358;0.347647;0.126855;-0.884736;354.438538;-150.383179;353.094727
0.289715;0.251183;0.080421;-0.920057;349.401855;-151.226456;350.903992
0.280257;0.346157;0.128535;-0.886065;344.440308;-151.936661;348.673981
0.29039;0.159202;0.036682;-0.942859;339.544281;-152.560623;346.361969
0.282655;0.280541;0.097243;-0.912111;334.632141;-153.105682;344.066956
0.287773;0.098351;0.006965;-0.95261;329.73584;-153.567825;341.72644
0.280967;0.260062;0.087398;-0.919667;324.804321;-153.928696;339.401245
0.280077;0.246306;0.080248;-0.924365;319.836945;-154.217346;337.158203
0.280051;0.215742;0.064405;-0.933209;314.870148;-154.369232;334.839661
0.281368;0.122775;0.016838;-0.951565;309.882446;-154.399231;332.620148
0.278939;0.166845;0.038105;-0.944936;304.909271;-154.288437;330.458313
0.269316;0.308082;0.109476;-0.905853;299.947845;-154.041687;328.338959
0.275145;0.196023;0.050786;-0.939836;295.010254;-153.687363;326.238312
0.269822;0.26544;0.08532;-0.92166;290.101532;-153.240524;324.184082
0.275017;0.111658;0.00485;-0.954921;285.239319;-152.699936;322.069977
0.273834;0.123111;0.009019;-0.953823;280.383545;-152.03598;319.931122
0.268881;0.224578;0.05961;-0.934727;275.485016;-151.283386;317.909088
0.272605;0.0992;-0.006991;-0.956973;270.621307;-150.435089;315.633545
0.271687;0.112791;-0.002143;-0.955751;265.680054;-149.516342;313.413849
0.269367;0.167552;0.023948;-0.948048;260.734222;-148.490067;311.113342
0.261882;0.278247;0.07974;-0.920672;255.749023;-147.412918;308.667419
0.27153;0.060183;-0.035727;-0.959882;250.748718;-146.303268;306.165466
0.271528;0.057997;-0.039016;-0.959889;245.668777;-145.174591;303.787628
0.264146;0.23253;0.049219;-0.934738;240.547668;-144.087906;301.298615
0.268346;0.157401;0.007913;-0.950343;235.380524;-143.0327;298.841339
0.268126;0.156925;0.005775;-0.9505;230.178558;-142.050964;296.406494
0.270897;0.080223;-0.035515;-0.958602;225.013824;-141.100525;293.9086
0.265868;0.188261;0.018861;-0.94526;219.871902;-140.203659;291.450745
0.269289;0.118535;-0.018652;-0.955555;214.79129;-139.311249;288.985809
0.271497;0.011913;-0.074195;-0.959501;209.774048;-138.437241;286.486298
0.268123;0.135473;-0.011722;-0.95374;204.823273;-137.561417;283.985992
0.270579;0.068511;-0.046803;-0.959116;199.939682;-136.66951;281.394104
0.270996;0.042125;-0.060671;-0.959743;195.119995;-135.789139;278.788666
0.270372;0.066454;-0.048511;-0.959234;190.358063;-134.894287;276.128845
0.270155;0.066747;-0.048495;-0.959275;185.662354;-134.004532;273.400696
0.269266;0.090823;-0.036153;-0.958092;181.058243;-133.102036;270.6698
0.2699;0.072412;-0.045522;-0.959082;176.548355;-132.194809;267.805817
0.270784;0.025923;-0.069056;-0.95981;172.142929;-131.284927;264.905701
0.271023;0.014377;-0.074662;-0.959565;167.835022;-130.383774;261.963135
0.270849;0.042002;-0.060397;-0.959807;163.632431;-129.484222;258.959778
0.270847;0.058539;-0.05169;-0.959449;159.511307;-128.574631;255.891327
0.269851;0.103293;-0.028459;-0.956923;155.481522;-127.643448;252.774384
0.271943;-0.017839;-0.089768;-0.957951;151.549637;-126.671303;249.528122
0.27124;0.080537;-0.039623;-0.958318;147.69017;-125.640961;246.341782
0.270755;0.107797;-0.025386;-0.956257;143.893951;-124.5522;243.101593
0.272983;0.029983;-0.064763;-0.959368;140.154419;-123.40374;239.8992
0.272978;0.059735;-0.049423;-0.958891;136.465851;-122.180237;236.75621
0.27338;0.063758;-0.047166;-0.958631;132.819809;-120.895119;233.629227
0.274249;0.013903;-0.072242;-0.958841;129.201538;-119.607788;230.49028
0.274664;0.024409;-0.066884;-0.958901;125.618454;-118.241859;227.500244
0.275236;0.024466;-0.066894;-0.958734;122.062584;-116.809395;224.585007
0.275876;0.008783;-0.074962;-0.958225;118.529037;-115.305733;221.670471
0.27618;0.048029;-0.055769;-0.958284;115.015457;-113.732681;218.662903
0.276801;0.05624;-0.052363;-0.95785;111.479485;-112.079453;215.67186
0.278059;0.025565;-0.068704;-0.957763;107.902695;-110.313461;212.676758
0.279032;-0.023443;-0.094193;-0.955364;104.258499;-108.512321;209.709366
0.279953;-0.034792;-0.101086;-0.954043;100.603508;-106.619965;206.626572
0.280915;0.002503;-0.084346;-0.956016;96.874954;-104.667824;203.733444
0.279147;0.109814;-0.03281;-0.953384;93.099586;-102.660133;200.847275
0.282055;0.043807;-0.067648;-0.956007;89.26049;-100.629845;197.990021
0.283439;-0.01888;-0.100324;-0.953541;85.355019;-98.59613;195.267914
0.283419;-0.089775;-0.136531;-0.944973;81.368973;-96.574089;192.576462
0.284053;0.016655;-0.08726;-0.954684;77.290672;-94.580322;190.082672
0.284807;-0.017741;-0.106234;-0.952515;73.127144;-92.632111;187.634689
0.284623;0.009579;-0.095192;-0.953854;68.86248;-90.739304;185.218826
0.284437;0.020841;-0.09193;-0.954049;64.508942;-88.883987;183.004501
0.283816;0.042256;-0.083571;-0.954295;60.093761;-87.052208;180.75531
0.277645;0.151247;-0.031355;-0.948185;55.605751;-85.257965;178.620651
0.283767;0.038825;-0.089218;-0.953944;51.071419;-83.498306;176.579819
0.284787;-0.002581;-0.111158;-0.952121;46.512508;-81.750366;174.51741
0.282127;0.0643;-0.079948;-0.953875;41.936852;-80.012032;172.681152
0.284081;0.017696;-0.104231;-0.952954;37.352764;-78.265129;170.844086
0.283933;0.016148;-0.106212;-0.952806;32.775948;-76.546875;169.10701
0.284427;-0.007141;-0.1186;-0.951307;28.191914;-74.830917;167.475403
0.279575;0.099097;-0.067272;-0.952624;23.586424;-73.124054;166.01506
0.257249;0.31174;0.041629;-0.913733;18.940056;-71.434769;164.571564
0.267345;0.234159;0.000002;-0.934717;14.262848;-69.775406;163.254059
0.270428;0.206368;-0.015128;-0.940241;9.564989;-68.148293;161.969818
0.27127;0.198953;-0.019494;-0.941515;4.823804;-66.532715;160.781342
0.233851;0.442896;0.11055;-0.85845;0.084244;-64.927635;159.741714
0.281001;0.091906;-0.074545;-0.952384;-4.642847;-63.345322;158.685028
0.252101;0.351221;0.059229;-0.899767;-9.397739;-61.76511;157.879578
0.260543;0.299583;0.0314;-0.917269;-14.138603;-60.221214;157.062775
0.250122;0.370624;0.068991;-0.891806;-18.901817;-58.660057;156.453949
0.281164;0.133336;-0.054397;-0.948794;-23.661314;-57.126907;155.77002
0.240097;0.433022;0.102317;-0.862773;-28.437046;-55.577675;155.228516
0.235675;0.459391;0.116422;-0.848447;-33.234879;-54.043987;154.740189
0.278188;0.206909;-0.017365;-0.937816;-38.087704;-52.512894;154.237564
0.250278;0.404416;0.085259;-0.875522;-43.000885;-50.998547;153.829422
0.228037;0.510968;0.143038;-0.816364;-47.971996;-49.506447;153.329239
0.236767;0.483285;0.12668;-0.833264;-53.039124;-48.038235;152.952606
0.215306;0.57027;0.174266;-0.773348;-58.175022;-46.598045;152.643814
0.221001;0.557387;0.165673;-0.782963;-63.384579;-45.178482;152.364685
0.215957;0.580784;0.177542;-0.764547;-68.647705;-43.784698;152.107254
0.217261;0.582955;0.177392;-0.762557;-73.94577;-42.434246;151.9151
0.212202;0.605055;0.188486;-0.743877;-79.252792;-41.119408;151.754898
0.206851;0.626416;0.199292;-0.724637;-84.544693;-39.84362;151.637787
0.206854;0.632029;0.201167;-0.719224;-89.809479;-38.602531;151.511627
0.206998;0.637144;0.202803;-0.714192;-95.022797;-37.398846;151.37854
0.201618;0.656826;0.212774;-0.694735;-100.176277;-36.215061;151.188843
0.187658;0.695471;0.23391;-0.652986;-105.26545;-35.074173;151.002289
0.191871;0.690455;0.229605;-0.658588;-110.303551;-33.951687;150.828598
0.197737;0.681421;0.223051;-0.668441;-115.314651;-32.860764;150.61438
0.181705;0.72152;0.244935;-0.62161;-120.278198;-31.786657;150.3172
0.178033;0.733058;0.250179;-0.606911;-125.229523;-30.715752;149.953476
0.178121;0.73682;0.250733;-0.602081;-130.150024;-29.664505;149.539185
0.176718;0.743284;0.252875;-0.593594;-135.034821;-28.648581;149.057602
0.172874;0.7541;0.257512;-0.578909;-139.873367;-27.684437;148.415085
0.17635;0.751131;0.25399;-0.58326;-144.626236;-26.751535;147.689468
0.176402;0.75426;0.254153;-0.579121;-149.292404;-25.859859;146.85788
0.163865;0.77897;0.267112;-0.543144;-153.860214;-25.017389;145.945908
0.168136;0.774707;0.2627;-0.550043;-158.305496;-24.193634;144.857468
0.17387;0.767926;0.256801;-0.560456;-162.632919;-23.403378;143.62149
0.172993;0.772244;0.257442;-0.554469;-166.847931;-22.658735;142.275192
0.168423;0.782232;0.261555;-0.539755;-170.953308;-21.953682;140.817368
0.164213;0.791406;0.265037;-0.525801;-174.95369;-21.284798;139.141464
0.166192;0.790376;0.262754;-0.52787;-178.852386;-20.654673;137.45639
0.168374;0.789086;0.260291;-0.530323;-182.667709;-20.057875;135.598541
0.164732;0.796543;0.26307;-0.518822;-186.413239;-19.50136;133.578522
0.169832;0.790666;0.258034;-0.528605;-190.079819;-19.031744;131.488922
0.166092;0.797865;0.260949;-0.517427;-193.668777;-18.629307;129.304871
0.164791;0.801068;0.261734;-0.512473;-197.176285;-18.292543;127.000557
0.169103;0.79579;0.257675;-0.521273;-200.578476;-17.996082;124.61953
0.169782;0.795582;0.256951;-0.521727;-203.859146;-17.749735;122.240311
0.169527;0.796668;0.257184;-0.520035;-207.026535;-17.499403;119.709938
0.167205;0.800542;0.259412;-0.513692;-210.075836;-17.251816;117.096436
0.166905;0.80134;0.260048;-0.512223;-213.025223;-17.01026;114.41143
0.168769;0.798563;0.259072;-0.516427;-215.887283;-16.78491;111.719864
0.170566;0.795742;0.258362;-0.52053;-218.671249;-16.572271;108.874084
0.16862;0.798223;0.2611;-0.515979;-221.353439;-16.412477;106.083946
0.167025;0.800104;0.26368;-0.512259;-223.957977;-16.275534;103.285255
0.168301;0.797273;0.263883;-0.516136;-226.45076;-16.184771;100.437225
0.165739;0.800032;0.26758;-0.510765;-228.823257;-16.148146;97.609398
0.166296;0.797847;0.268424;-0.513551;-231.061081;-16.135664;94.698647
0.167788;0.794031;0.268416;-0.518955;-233.150528;-16.155186;91.881554
0.166612;0.793963;0.270736;-0.518232;-235.105194;-16.220749;89.029289
0.164613;0.795052;0.273699;-0.51564;-236.940216;-16.310078;86.16954
0.164435;0.793287;0.274813;-0.517818;-238.681961;-16.413549;83.383957
0.16304;0.793078;0.277074;-0.517373;-240.379074;-16.529161;80.515099
0.160584;0.794488;0.280145;-0.514315;-241.994446;-16.607435;77.706512
0.156166;0.798759;0.285034;-0.506312;-243.570236;-16.644785;74.816322
0.158557;0.792542;0.283359;-0.516183;-245.069901;-16.628757;72.003441
0.154066;0.796896;0.288232;-0.508078;-246.478821;-16.559973;69.182098
0.157475;0.788904;0.285374;-0.520954;-247.822388;-16.412605;66.339806
0.153359;0.792767;0.289616;-0.51393;-249.060516;-16.194567;63.491821
0.152664;0.791255;0.29041;-0.516015;-250.217224;-15.907143;60.704662
0.150708;0.791832;0.292359;-0.514601;-251.281235;-15.579596;57.892021
0.147119;0.794908;0.295843;-0.508876;-252.275558;-15.204966;55.184319
0.145998;0.794327;0.296755;-0.509574;-253.168884;-14.788862;52.470562
0.144564;0.79412;0.298006;-0.509576;-253.984482;-14.330503;49.977734
0.144533;0.791745;0.297836;-0.513365;-254.6987;-13.803529;47.450161
0.141182;0.794829;0.300874;-0.507729;-255.318375;-13.175364;45.098343
0.14127;0.792523;0.300385;-0.511585;-255.837433;-12.444477;42.776939
0.138247;0.795337;0.302898;-0.506536;-256.285156;-11.602839;40.458916
0.137663;0.794029;0.302966;-0.508702;-256.630707;-10.705147;38.338936
0.137219;0.792918;0.302745;-0.510684;-256.893768;-9.724553;36.435799
0.137068;0.791362;0.302106;-0.513508;-257.086243;-8.680235;34.526066
0.136276;0.79098;0.302072;-0.514327;-257.181641;-7.587399;32.739437
0.132654;0.795055;0.305105;-0.507151;-257.172272;-6.488937;31.086203
0.132258;0.794306;0.304666;-0.508689;-257.064301;-5.359315;29.548403
0.130729;0.795513;0.305387;-0.506762;-256.823273;-4.232049;28.180357
0.130405;0.794969;0.305003;-0.507929;-256.473999;-3.148575;26.865955
0.130913;0.79355;0.303673;-0.510806;-255.984848;-2.091478;25.683241
0.130482;0.79376;0.303537;-0.510671;-255.34874;-1.096983;24.542309
0.128198;0.797208;0.305338;-0.50477;-254.496277;-0.171323;23.545958
0.127939;0.797705;0.305158;-0.504159;-253.440887;0.676034;22.516724
0.127347;0.799066;0.305385;-0.502013;-252.157593;1.459123;21.563368
0.127983;0.798794;0.304389;-0.502888;-250.666855;2.144338;20.642813
0.128783;0.798551;0.303274;-0.503743;-248.983719;2.770463;19.769527
0.127971;0.800591;0.304041;-0.500237;-247.158844;3.290701;19.023516
0.128473;0.801748;0.303176;-0.498778;-245.166626;3.787978;18.406626
0.12971;0.801162;0.301904;-0.500168;-243.058594;4.229306;17.860548
0.131286;0.800682;0.300135;-0.501588;-240.829285;4.657771;17.449594
0.130613;0.80363;0.300646;-0.496719;-238.482147;5.06519;17.022011
0.133372;0.801411;0.297703;-0.501324;-235.982574;5.465903;16.718723
0.133931;0.802568;0.296854;-0.499825;-233.337646;5.875469;16.397949
0.136744;0.800417;0.293659;-0.504379;-230.576141;6.288023;16.083057
0.136964;0.802207;0.292811;-0.501963;-227.68573;6.699861;15.777724
0.134049;0.808208;0.294802;-0.491857;-224.692795;7.061142;15.521364
0.137564;0.805295;0.290348;-0.498271;-221.588715;7.380433;15.085654
0.140683;0.802267;0.286332;-0.504569;-218.456268;7.624525;14.604943
0.137403;0.808641;0.288071;-0.494201;-215.261551;7.816293;14.352796
0.138073;0.808755;0.286181;-0.494926;-212.062103;7.939834;13.92853
0.141028;0.80586;0.281987;-0.501182;-208.820404;8.042456;13.454524
0.140286;0.807796;0.281249;-0.498683;-205.588318;8.13903;13.016827
0.142871;0.804413;0.2775;-0.505471;-202.328018;8.246773;12.549068
0.140318;0.80851;0.278245;-0.499202;-199.042099;8.404289;12.082563
0.14398;0.802938;0.273349;-0.509745;-195.749603;8.577391;11.477219
0.138872;0.809925;0.276295;-0.498395;-192.45459;8.76597;10.905621
0.139812;0.807816;0.27361;-0.503014;-189.154373;8.957048;10.232276
0.142984;0.802211;0.268615;-0.513672;-185.85463;9.129607;9.617057
0.136806;0.809191;0.272263;-0.502361;-182.583435;9.214309;8.925355
0.135723;0.809294;0.270903;-0.503224;-179.299622;9.236783;8.177913
0.13431;0.809509;0.269839;-0.503828;-175.989059;9.146811;7.224368
0.134947;0.806686;0.266729;-0.509806;-172.618729;8.987511;6.354428
0.133934;0.805578;0.265173;-0.51263;-169.170319;8.748887;5.409009
0.132532;0.805584;0.26373;-0.513729;-165.625519;8.490889;4.281746
0.128721;0.808513;0.264661;-0.5096;-162.014786;8.140398;3.273211
0.129177;0.805279;0.261592;-0.516147;-158.406448;7.724507;2.120146
0.132847;0.797201;0.25539;-0.530658;-154.771133;7.235243;0.87758
0.124429;0.806141;0.260878;-0.51633;-151.158646;6.653779;-0.217645
0.120351;0.808908;0.262306;-0.512229;-147.550964;5.948174;-1.44318
0.123985;0.800848;0.256378;-0.526821;-143.950867;5.155635;-2.676185
0.125485;0.795343;0.252614;-0.536534;-140.343307;4.218394;-3.861343
0.119928;0.800007;0.256159;-0.52914;-136.704636;3.154184;-5.212736
0.118661;0.798676;0.255587;-0.531706;-133.014389;2.005178;-6.354826
0.117335;0.797323;0.255388;-0.534122;-129.263382;0.759326;-7.677053
0.116061;0.795995;0.255347;-0.536394;-125.423523;-0.53188;-9.062201
0.123188;0.782147;0.24664;-0.558784;-121.469269;-1.84963;-10.54405
0.122118;0.780455;0.246647;-0.561376;-117.409584;-3.21668;-11.985957
0.119559;0.781298;0.24843;-0.559965;-113.278801;-4.609148;-13.499118
0.120972;0.776189;0.245988;-0.567791;-109.09008;-6.040002;-15.03566
0.122207;0.770871;0.243723;-0.575693;-104.850258;-7.538576;-16.533564
0.120325;0.7708;0.24509;-0.575604;-100.586754;-9.064209;-18.01906
0.117007;0.773293;0.248174;-0.571609;-96.292847;-10.639011;-19.302975
0.114937;0.773652;0.24998;-0.570755;-91.950562;-12.256931;-20.636955
0.123572;0.756389;0.239226;-0.596135;-87.574387;-13.920234;-21.939795
0.132577;0.73748;0.227505;-0.621922;-83.148895;-15.594404;-23.093187
0.121965;0.75346;0.240041;-0.599836;-78.698799;-17.276188;-24.20521
0.117461;0.758189;0.245033;-0.592714;-74.180847;-18.976013;-25.277655
0.125079;0.74193;0.234965;-0.615376;-69.599884;-20.665337;-26.39369
0.122522;0.743646;0.237542;-0.612823;-64.969604;-22.320229;-27.4914
0.126281;0.734096;0.231987;-0.62557;-60.313675;-23.945574;-28.406816
0.152887;0.677095;0.194078;-0.693182;-55.593456;-25.570108;-29.391399
0.138559;0.703872;0.21319;-0.663261;-50.838745;-27.153915;-30.287254
0.169237;0.631222;0.165717;-0.738549;-46.05098;-28.663364;-31.139055
0.123661;0.726903;0.230951;-0.634808;-41.214188;-30.10631;-31.991165
0.139688;0.69215;0.206843;-0.677223;-36.336647;-31.464525;-32.839584
0.166612;0.626865;0.163454;-0.743346;-31.463995;-32.740391;-33.643623
0.183173;0.578663;0.132715;-0.783571;-26.572514;-33.938;-34.56673
0.148751;0.662409;0.18671;-0.710089;-21.730595;-35.02935;-35.273163
0.15733;0.638481;0.170479;-0.733843;-16.896328;-36.041424;-36.105274
0.206337;0.49453;0.079615;-0.840551;-12.098494;-36.976162;-36.93074
0.143247;0.664454;0.187017;-0.709229;-7.380706;-37.819237;-37.642822
0.17874;0.570663;0.124655;-0.791743;-2.692957;-38.610935;-38.597103
0.164477;0.605569;0.146238;-0.764754;1.895603;-39.34515;-39.392517
0.188456;0.534182;0.099752;-0.818037;6.430412;-40.043098;-40.132229
0.15684;0.617563;0.152315;-0.755524;10.869059;-40.653732;-40.910362
0.209277;0.456883;0.050331;-0.863092;15.243708;-41.205776;-41.752632
0.210671;0.447388;0.043292;-0.868094;19.515041;-41.684444;-42.554749
0.247685;0.288773;-0.048362;-0.923539;23.697844;-42.08567;-43.366066
0.240673;0.315908;-0.03526;-0.91708;27.80608;-42.465092;-44.260952
0.20606;0.449064;0.039693;-0.868508;31.803968;-42.807735;-45.044495
0.174333;0.545015;0.097858;-0.814242;35.703342;-43.148106;-45.819206
0.20114;0.456425;0.041061;-0.865755;39.499207;-43.490726;-46.707424
0.243722;0.28074;-0.06188;-0.926259;43.208916;-43.829575;-47.547653
0.202785;0.441796;0.029144;-0.87341;46.84045;-44.165085;-48.455223
0.244127;0.268564;-0.072018;-0.929026;50.37579;-44.532398;-49.413109
0.194437;0.461213;0.038289;-0.864876;53.828037;-44.903572;-50.259506
0.232139;0.31374;-0.049933;-0.91934;57.212929;-45.330341;-51.15567
0.241432;0.266435;-0.077648;-0.929889;60.58165;-45.777073;-52.188232
0.225243;0.333637;-0.040978;-0.91448;63.883141;-46.245392;-53.110477
0.247473;0.226833;-0.101499;-0.936484;67.195969;-46.744709;-54.121933
0.187844;0.461806;0.034542;-0.866174;70.479286;-47.25082;-55.176285
0.228741;0.304462;-0.05977;-0.922718;73.765343;-47.776546;-56.425636
0.229531;0.296187;-0.064779;-0.924874;77.022682;-48.296555;-57.571533
0.220291;0.331418;-0.044676;-0.916318;80.25058;-48.804428;-58.777615
0.199601;0.406923;0.000407;-0.891388;83.445015;-49.313152;-60.035053
0.175213;0.484853;0.049765;-0.855419;86.610992;-49.829113;-61.364559
0.202816;0.387739;-0.010501;-0.899118;89.739075;-50.357571;-62.771984
0.206052;0.371575;-0.019668;-0.905034;92.811378;-50.930683;-64.175529
0.209337;0.355397;-0.028719;-0.91052;95.853737;-51.523495;-65.767151
0.223038;0.294054;-0.064038;-0.927192;98.871269;-52.145996;-67.393501
0.242646;0.193026;-0.120055;-0.943107;101.862778;-52.810772;-69.080078
0.211242;0.335541;-0.037923;-0.917252;104.83152;-53.469803;-70.898659
0.237277;0.210839;-0.108593;-0.942048;107.78479;-54.124325;-72.776337
0.218358;0.296519;-0.058781;-0.927869;110.729553;-54.782135;-74.853348
0.248922;0.129591;-0.151032;-0.947857;113.618195;-55.424011;-76.925682
0.244028;0.152441;-0.137728;-0.947757;116.457657;-56.039276;-79.147575
0.254627;0.074005;-0.178564;-0.947525;119.214607;-56.615658;-81.500816
0.24168;0.148505;-0.137743;-0.94898;121.884247;-57.14666;-83.994591
0.247405;0.101978;-0.161803;-0.949848;124.44458;-57.601444;-86.545189
0.234654;0.172743;-0.122056;-0.948788;126.924858;-57.97525;-89.296425
0.247933;0.075357;-0.173967;-0.950045;129.315811;-58.274677;-92.184265
0.231739;0.169787;-0.121221;-0.950144;131.616837;-58.505707;-95.021011
0.250509;0.027574;-0.197322;-0.947391;133.82814;-58.697525;-98.07869
0.221521;0.208668;-0.09653;-0.947665;135.978394;-58.855911;-101.236786
0.237738;0.098663;-0.157333;-0.953411;138.047012;-59.003708;-104.444382
0.24735;0.006746;-0.205865;-0.94678;140.030762;-59.176975;-107.714104
0.247602;-0.015194;-0.21671;-0.944192;141.949249;-59.342854;-111.09388
0.247472;-0.034296;-0.226076;-0.941526;143.807449;-59.523857;-114.545738
0.247708;-0.057694;-0.237711;-0.937446;145.54686;-59.726601;-117.929901
0.232469;0.065024;-0.171416;-0.955168;147.219986;-59.946777;-121.419952
0.241049;-0.031237;-0.222881;-0.944057;148.816208;-60.20084;-124.877846
0.240695;-0.049941;-0.232195;-0.941094;150.325806;-60.486233;-128.251389
0.240131;-0.066358;-0.240262;-0.938194;151.820099;-60.786671;-131.769699
0.226115;0.048026;-0.17749;-0.956589;153.27182;-61.132;-135.087173
0.230878;-0.014618;-0.211214;-0.949668;154.732269;-61.459892;-138.333084
0.229475;-0.022387;-0.214582;-0.949102;156.265717;-61.776562;-141.614075
0.224381;0.004962;-0.198514;-0.954055;157.827286;-62.093342;-144.774246
0.22734;-0.049887;-0.227744;-0.945495;159.475784;-62.386707;-147.889374
0.225538;-0.056049;-0.230083;-0.945015;161.154526;-62.657318;-150.76001
0.221235;-0.034694;-0.217238;-0.950084;162.934967;-62.903397;-153.721329
0.222348;-0.072479;-0.23689;-0.94297;164.748581;-63.088543;-156.47702
0.22042;-0.07701;-0.238257;-0.942718;166.637772;-63.246006;-159.201309
0.219014;-0.086685;-0.242463;-0.941132;168.593933;-63.359955;-161.954117
0.209327;0.003598;-0.190079;-0.959187;170.563385;-63.436283;-164.479736
0.208254;-0.00565;-0.193971;-0.958631;172.616165;-63.44775;-167.097885
0.212669;-0.081867;-0.236135;-0.944622;174.722977;-63.398933;-169.725967
0.211104;-0.086726;-0.237686;-0.94415;176.87677;-63.319572;-172.239899
0.211095;-0.108833;-0.24887;-0.938966;179.056671;-63.172497;-174.731735
0.208075;-0.087727;-0.235894;-0.945179;181.312027;-62.991627;-177.306839
0.203353;-0.039005;-0.206752;-0.956232;183.58577;-62.764339;-179.75621
0.205437;-0.08892;-0.234528;-0.945984;185.87854;-62.499985;-182.219574
0.201329;-0.044619;-0.207999;-0.956145;188.192886;-62.191994;-184.721878
0.200063;-0.045008;-0.207384;-0.956525;190.50148;-61.888069;-187.124084
0.201374;-0.078006;-0.225898;-0.949912;192.811752;-61.533245;-189.534714
0.197848;-0.038654;-0.202255;-0.958361;195.113693;-61.134998;-191.910309
0.199143;-0.069789;-0.219985;-0.952406;197.43074;-60.693043;-194.455811
0.200382;-0.097789;-0.235748;-0.94589;199.706223;-60.22184;-196.919601
0.19912;-0.082121;-0.226252;-0.949956;201.946869;-59.68383;-199.377411
0.19975;-0.101551;-0.237238;-0.945254;204.165909;-59.153118;-201.991119
0.195489;-0.040395;-0.201226;-0.958989;206.319427;-58.612831;-204.572006
0.194305;-0.025597;-0.192233;-0.96158;208.422409;-58.059254;-207.149261
0.199773;-0.115487;-0.244858;-0.9417;210.471832;-57.537231;-209.767578
0.199672;-0.116991;-0.245782;-0.941294;212.448196;-57.029762;-212.304108
0.193242;-0.017606;-0.187492;-0.962909;214.408112;-56.532658;-214.927353
0.196786;-0.068625;-0.2179;-0.95346;216.32222;-56.08839;-217.493057
0.196676;-0.064057;-0.215323;-0.954385;218.20932;-55.659744;-220.087448
0.195049;-0.041729;-0.20232;-0.958792;220.069565;-55.270515;-222.631775
0.198061;-0.08536;-0.228081;-0.949455;221.907318;-54.931747;-225.200104
0.194383;-0.028218;-0.194445;-0.961046;223.724487;-54.610409;-227.77002
0.198717;-0.092009;-0.232037;-0.947737;225.515869;-54.317368;-230.419235
0.195424;-0.038951;-0.200854;-0.95914;227.254898;-54.058392;-233.028412
0.199223;-0.099408;-0.236239;-0.945843;228.918381;-53.823177;-235.608261
0.194848;-0.029424;-0.194898;-0.960824;230.524872;-53.59042;-238.231491
0.196287;-0.049303;-0.206397;-0.957309;232.055603;-53.397865;-240.829788
0.19025;0.025121;-0.161351;-0.96806;233.581985;-53.24572;-243.496964
0.197378;-0.071379;-0.218509;-0.952996;235.087967;-53.128365;-246.081833
0.195279;-0.044946;-0.20227;-0.95861;236.639618;-53.021282;-248.684006
0.195635;-0.058647;-0.209653;-0.956208;238.279434;-52.940742;-251.316879
0.197874;-0.111424;-0.239689;-0.943917;240.014603;-52.89315;-253.803253
0.192515;-0.035218;-0.193822;-0.961317;241.874374;-52.831051;-256.247681
0.188155;0.010833;-0.164833;-0.968148;243.90976;-52.761799;-258.615479
0.194462;-0.100204;-0.230065;-0.948269;246.078613;-52.662453;-260.748535
0.194053;-0.116102;-0.23818;-0.944528;248.415787;-52.539936;-262.751007
0.193288;-0.129616;-0.244881;-0.941208;250.91716;-52.378956;-264.730682
0.19038;-0.090459;-0.220566;-0.952325;253.560745;-52.149624;-266.469635
0.187057;-0.049943;-0.194919;-0.961521;256.358368;-51.826477;-268.13205
0.182624;0.002967;-0.161167;-0.969879;259.266205;-51.417648;-269.65451
0.186864;-0.086992;-0.21479;-0.954662;262.343933;-50.923168;-271.218872
0.177488;0.046653;-0.131377;-0.974198;265.51416;-50.315182;-272.714752
0.18429;-0.073778;-0.204954;-0.95843;268.762207;-49.634315;-274.100616
0.181416;-0.033089;-0.179313;-0.966354;272.079224;-48.889683;-275.472412
0.184139;-0.106083;-0.223228;-0.951319;275.485748;-48.097618;-276.765106
0.18309;-0.103773;-0.221573;-0.952163;278.945953;-47.298985;-278.102783
0.172604;0.061899;-0.118192;-0.975913;282.43988;-46.469044;-279.267944
0.180374;-0.070307;-0.200689;-0.960337;285.997833;-45.669788;-280.354492
0.17571;0.000667;-0.156513;-0.97192;289.614868;-44.867867;-281.340973
0.176596;-0.023249;-0.171352;-0.968974;293.308533;-44.122547;-282.31955
0.167839;0.087776;-0.100527;-0.976739;297.053986;-43.37999;-283.177002
0.169411;0.060184;-0.118385;-0.976557;300.866058;-42.680676;-283.882935
0.173805;-0.00669;-0.161204;-0.971473;304.746948;-41.906639;-284.555573
0.171438;0.022924;-0.142747;-0.974529;308.656342;-41.13118;-285.05777
0.163808;0.110429;-0.086656;-0.976454;312.584564;-40.260502;-285.410797
0.174119;-0.027531;-0.176163;-0.968448;316.580322;-39.345818;-285.863495
0.164467;0.098993;-0.096046;-0.976691;320.556763;-38.360832;-286.067261
0.168761;0.048047;-0.130541;-0.975792;324.583679;-37.323944;-286.38028
0.175285;-0.03948;-0.187479;-0.965696;328.576477;-36.234322;-286.59375
0.165372;0.092152;-0.105234;-0.976261;332.602661;-35.093739;-286.722321
0.168394;0.059807;-0.128204;-0.975515;336.632385;-33.904774;-286.947113
0.162883;0.121948;-0.089725;-0.97496;340.669281;-32.646595;-286.998749
0.166872;0.088311;-0.113942;-0.975383;344.707916;-31.358995;-287.045959
0.140585;0.29605;0.024292;-0.944458;348.784546;-30.07345;-287.03418
0.171277;0.05493;-0.13997;-0.973681;352.881226;-28.811258;-287.10379
0.175785;0.012527;-0.169054;-0.969723;356.997192;-27.590244;-287.028473
0.168316;0.098631;-0.116159;-0.973883;361.055267;-26.398354;-286.763336
0.125896;0.382468;0.07693;-0.912113;365.14267;-25.300552;-286.569916
0.174336;0.055354;-0.147841;-0.971949;369.172119;-24.287991;-286.054138
0.132988;0.34658;0.046831;-0.927364;373.238678;-23.384968;-285.68634
0.175434;0.056355;-0.150466;-0.971291;377.21109;-22.568621;-285.008118
0.165972;0.142479;-0.096315;-0.971018;381.20343;-21.812334;-284.341949
0.180029;0.021543;-0.174854;-0.967756;385.180634;-21.126484;-283.613831
0.156841;0.21174;-0.05271;-0.963218;389.155273;-20.436726;-282.84549
0.164269;0.163801;-0.085745;-0.968934;393.120667;-19.76235;-281.976685
0.174636;0.083681;-0.138606;-0.97123;397.114166;-19.0842;-281.178955
0.160583;0.195139;-0.066863;-0.965227;401.089539;-18.386999;-280.327179
0.181328;0.033893;-0.171624;-0.967738;405.09259;-17.744267;-279.494141
0.16077;0.198328;-0.066625;-0.964562;409.03476;-17.123728;-278.429016
0.168539;0.144826;-0.10286;-0.969557;413.020081;-16.586927;-277.310364
0.173094;0.111619;-0.125246;-0.970512;417.000702;-16.132601;-276.00528
0.136382;0.33934;0.027557;-0.930317;420.98645;-15.716612;-274.573639
0.173858;0.108076;-0.129522;-0.970215;425.001282;-15.315232;-273.09433
0.137304;0.332198;0.020507;-0.932937;428.983368;-14.928675;-271.408081
0.169156;0.141335;-0.11017;-0.969161;432.940857;-14.513356;-269.627258
0.178165;0.06956;-0.15727;-0.968857;436.922302;-14.059983;-268.016815
0.136779;0.329369;0.015247;-0.934117;440.803436;-13.562723;-266.166534
0.112118;0.439493;0.094839;-0.886161;444.656372;-13.058061;-264.451508
0.180203;0.051283;-0.172521;-0.967023;448.469818;-12.509566;-262.794159
0.132421;0.343918;0.021943;-0.929357;452.174286;-11.991309;-261.089661
0.154172;0.226437;-0.061353;-0.959788;455.80838;-11.475127;-259.327271
0.182006;0.030898;-0.189428;-0.964384;459.376282;-10.989785;-257.509857
0.157473;0.201456;-0.080822;-0.963372;462.888611;-10.505282;-255.689941
0.145847;0.263733;-0.039539;-0.952686;466.336273;-10.051293;-253.730774
0.162551;0.163425;-0.108432;-0.967012;469.7742;-9.615101;-251.720581
0.123112;0.36996;0.03439;-0.920212;473.147736;-9.226668;-249.534775
0.175536;0.067843;-0.171957;-0.966962;476.533173;-8.94341;-247.291733
0.171354;0.092943;-0.156696;-0.968218;479.844086;-8.777053;-244.726822
0.115894;0.391921;0.049502;-0.911326;483.174957;-8.749568;-242.224854
0.167551;0.111675;-0.145338;-0.968675;486.490967;-8.927162;-239.458405
0.171865;0.076564;-0.168051;-0.967657;489.804993;-9.291541;-236.645691
0.150756;0.207638;-0.081534;-0.963074;493.111755;-9.79985;-233.6642
0.170727;0.075293;-0.168668;-0.967851;496.410675;-10.388883;-230.587952
0.166135;0.10413;-0.149835;-0.969075;499.780334;-11.024239;-227.626801
0.161003;0.133177;-0.130564;-0.969172;503.109863;-11.671477;-224.431351
0.142606;0.241888;-0.056459;-0.958105;506.405823;-12.264071;-221.055023
0.12627;0.323377;0.002038;-0.937805;509.692719;-12.848676;-217.610687
0.16874;0.069881;-0.170656;-0.968256;512.929626;-13.372747;-214.060471
0.165912;0.089777;-0.157363;-0.969356;516.14325;-13.862288;-210.442856
0.135521;0.273286;-0.032559;-0.951782;519.258545;-14.358977;-206.681885
0.163619;0.106382;-0.145702;-0.969888;522.294922;-14.839829;-202.72319
0.144364;0.227364;-0.064001;-0.960921;525.296265;-15.388389;-198.749863
0.14917;0.199438;-0.082915;-0.964934;528.191284;-15.981229;-194.569275
0.116123;0.371706;0.040188;-0.920182;530.980103;-16.614161;-190.216705
0.112144;0.392081;0.055433;-0.911386;533.71814;-17.229397;-185.891144
0.130972;0.304904;-0.008846;-0.943293;536.317078;-17.817886;-181.32814
0.133957;0.290802;-0.019191;-0.947165;538.771545;-18.335938;-176.727295
0.147531;0.217467;-0.07094;-0.962242;541.080078;-18.760519;-172.030777
0.158709;0.152464;-0.115375;-0.968635;543.240479;-19.081097;-167.38797
0.144783;0.237348;-0.058483;-0.958793;545.150818;-19.331446;-162.55188
0.139599;0.267115;-0.038579;-0.952719;546.861694;-19.534443;-157.683701
0.148743;0.219152;-0.072759;-0.961537;548.368652;-19.717796;-152.784027
0.153695;0.191409;-0.092585;-0.964971;549.665039;-19.92742;-147.815704
0.138819;0.275519;-0.035544;-0.950555;550.830811;-20.190538;-142.842926
0.139995;0.27057;-0.039912;-0.95163;551.792786;-20.562084;-137.674011
0.141165;0.266037;-0.043885;-0.95256;552.702209;-21.034748;-132.573456
0.123245;0.354173;0.018607;-0.926837;553.528625;-21.640541;-127.337784
0.13345;0.308018;-0.015197;-0.941852;554.332336;-22.339048;-122.088753
0.127695;0.336144;0.004863;-0.933101;555.134949;-23.159147;-116.789185
0.111851;0.406878;0.057162;-0.904805;555.937683;-24.04451;-111.509331
0.164602;0.139333;-0.130347;-0.96773;556.744873;-24.999846;-106.158897
0.148631;0.235052;-0.065751;-0.958299;557.595642;-25.989262;-100.924812
0.102031;0.450299;0.09124;-0.882324;558.344177;-27.020699;-95.449455
0.135414;0.308677;-0.013249;-0.941385;559.124451;-28.053593;-90.044983
0.119751;0.381764;0.04034;-0.915581;559.853943;-29.162453;-84.655769
0.126083;0.355927;0.021976;-0.925708;560.583801;-30.278164;-79.272278
0.134903;0.317797;-0.004859;-0.9385;561.21405;-31.411856;-73.692009
0.103828;0.456737;0.098662;-0.877996;561.885864;-32.556091;-68.239532
0.14787;0.260381;-0.043447;-0.953126;562.570862;-33.710907;-62.863991
0.173139;0.112804;-0.140355;-0.968297;563.228882;-34.875172;-57.418507
0.13737;0.326603;0.004878;-0.935113;563.873962;-36.071831;-51.943783
0.124098;0.392979;0.053768;-0.909547;564.515137;-37.282883;-46.589855
0.141618;0.317093;0.000305;-0.937761;565.088318;-38.507473;-41.160904
0.093951;0.523769;0.154883;-0.832376;565.632813;-39.749741;-35.741177
0.134881;0.363285;0.035159;-0.921192;566.118469;-41.022083;-30.33098
0.107006;0.486232;0.126917;-0.857916;566.481323;-42.322258;-24.825737
0.110095;0.480811;0.123238;-0.861111;566.823425;-43.600483;-19.441927
0.102847;0.513625;0.148869;-0.838719;567.128906;-44.839523;-14.203394
0.086221;0.574974;0.197711;-0.789228;567.337219;-46.031296;-8.911138
0.125486;0.436426;0.091461;-0.88624;567.539978;-47.132954;-3.818835
0.072273;0.626317;0.239917;-0.738203;567.660278;-48.178822;1.203851
0.126552;0.443993;0.097486;-0.881675;567.71637;-49.161606;6.071404
0.101224;0.544897;0.173574;-0.814072;567.642883;-50.126575;10.9628
0.151322;0.344447;0.027238;-0.926129;567.47699;-51.057175;15.649155
0.09578;0.572451;0.194591;-0.790734;567.206848;-51.981678;20.290688
0.06328;0.669806;0.274385;-0.687073;566.826904;-52.865147;24.91283
0.123666;0.483787;0.126285;-0.857151;566.369934;-53.738991;29.368713
0.141452;0.416097;0.077296;-0.894919;565.858215;-54.592236;33.747986
0.125526;0.485851;0.127311;-0.855561;565.325195;-55.43631;37.997242
0.148286;0.396123;0.063129;-0.903943;564.780151;-56.237549;42.178783
0.12433;0.499003;0.136518;-0.8467;564.268311;-57.030109;46.268459
0.178412;0.249574;-0.034575;-0.95115;563.834656;-57.760708;50.175026
0.133367;0.473189;0.117426;-0.862854;563.444214;-58.482258;54.002758
0.182694;0.234776;-0.043393;-0.95374;563.149902;-59.170086;57.735123
0.148376;0.419372;0.079558;-0.892066;562.93042;-59.851311;61.346684
0.188657;0.209119;-0.058543;-0.957732;562.851746;-60.525482;64.781189
0.146473;0.436837;0.092416;-0.882711;562.82428;-61.211983;68.192474
0.111452;0.571264;0.190459;-0.790545;562.952576;-61.915524;71.382835
0.163454;0.369863;0.047876;-0.913341;563.13446;-62.635162;74.49118
0.1263;0.528681;0.159655;-0.824048;563.415527;-63.402451;77.552155
0.136033;0.497161;0.13742;-0.845838;563.825867;-64.174614;80.394104
0.13521;0.504158;0.143126;-0.840867;564.367004;-64.958374;83.122566
0.190003;0.240526;-0.032125;-0.951322;565.025269;-65.70816;85.721016
0.164914;0.383569;0.061146;-0.906609;565.773438;-66.420914;88.213913
0.140107;0.494105;0.137592;-0.846935;566.646423;-67.088387;90.549782
0.177407;0.32381;0.022824;-0.92906;567.556702;-67.69207;92.890099
0.109136;0.604815;0.219094;-0.757816;568.542297;-68.237564;95.016472
0.109285;0.604539;0.21898;-0.758048;569.532715;-68.721786;97.148575
0.153047;0.444926;0.103841;-0.876262;570.538513;-69.111412;99.226944
0.158913;0.419185;0.086042;-0.889735;571.564026;-69.408745;101.210274
0.103556;0.620768;0.230971;-0.742008;572.600525;-69.594612;103.164665
0.138352;0.502473;0.143101;-0.841369;573.633362;-69.689438;105.085052
0.122901;0.55618;0.181521;-0.801629;574.677002;-69.674301;107.000664
0.069822;0.703247;0.296973;-0.642165;575.727661;-69.569214;108.977318
0.163326;0.386515;0.061289;-0.905635;576.83783;-69.403801;110.824265
0.131027;0.518501;0.152336;-0.831133;577.939026;-69.190758;112.797096
0.103547;0.605566;0.217029;-0.758595;579.16687;-68.963783;114.571884
0.143387;0.462249;0.111113;-0.867998;580.403015;-68.712456;116.448395
0.149824;0.429721;0.087923;-0.886094;581.734192;-68.467033;118.274048
0.090821;0.632379;0.237647;-0.731691;583.151184;-68.218338;120.035805
0.133941;0.486845;0.127536;-0.853684;584.657043;-67.95845;121.764496
0.115552;0.54976;0.173697;-0.808852;586.252686;-67.695808;123.432152
0.0973;0.604748;0.216133;-0.760328;587.901794;-67.424515;125.178009
0.121864;0.522054;0.153177;-0.830148;589.646973;-67.123169;126.866341
0.103172;0.582094;0.198913;-0.781637;591.50061;-66.826714;128.454834
0.068881;0.676111;0.275538;-0.679859;593.370728;-66.531471;130.197205
0.118242;0.52654;0.157158;-0.827089;595.380493;-66.208649;131.771408
0.106083;0.565998;0.18722;-0.795827;597.436584;-65.889275;133.403458
0.102839;0.574592;0.193965;-0.788445;599.571045;-65.591537;135.023438
0.085214;0.626386;0.23512;-0.738307;601.844604;-65.298462;136.492401
0.092273;0.604011;0.217083;-0.761269;604.164124;-65.039795;137.956619
0.097994;0.585146;0.201937;-0.779245;606.545898;-64.796425;139.399841
0.120276;0.508471;0.143043;-0.840553;609.007996;-64.576462;140.732437
0.085765;0.619664;0.228805;-0.745861;611.463867;-64.405525;142.102554
0.093743;0.596043;0.209221;-0.769526;613.958374;-64.257729;143.392563
0.102565;0.567398;0.186221;-0.795526;616.450134;-64.169548;144.718796
0.11288;0.533215;0.159403;-0.823123;618.961487;-64.098404;146.015793
0.112773;0.533699;0.159128;-0.822877;621.427063;-64.081474;147.367477
0.100038;0.576431;0.191303;-0.788114;623.899658;-64.110085;148.736313
0.069671;0.662522;0.260719;-0.698739;626.381714;-64.193031;150.094345
0.053626;0.701086;0.293668;-0.647582;628.851257;-64.285492;151.488617
0.056623;0.694704;0.287187;-0.657041;631.311096;-64.377121;152.930267
0.066894;0.670728;0.265451;-0.689337;633.767883;-64.455772;154.363632
0.053032;0.703724;0.293578;-0.644804;636.252197;-64.512032;155.780151
0.038426;0.734625;0.321151;-0.596415;638.73407;-64.561333;157.182373
0.032324;0.745951;0.331207;-0.576901;641.076416;-64.613297;158.787094
0.031663;0.747193;0.331404;-0.575214;643.460449;-64.631546;160.26178
0.018366;0.76995;0.353469;-0.530942;645.81366;-64.655762;161.809601
0.072813;0.656864;0.248054;-0.708306;648.132019;-64.628014;163.352966
0.051173;0.706948;0.290781;-0.642692;650.419861;-64.587166;165.009811
0.023291;0.760662;0.340956;-0.551906;652.715881;-64.498001;166.697815
0.039206;0.730942;0.31104;-0.606169;654.990173;-64.349495;168.474518
0.038406;0.731854;0.310954;-0.605163;657.15918;-64.191841;170.374542
0.034034;0.739523;0.317427;-0.59261;659.342773;-64.001099;172.237076
0.03708;0.733011;0.310355;-0.604152;661.518066;-63.785835;174.020447
0.043545;0.719136;0.296527;-0.626912;663.603149;-63.599033;175.839737
0.03239;0.73988;0.315338;-0.593372;665.543396;-63.432858;177.74295
0.026508;0.749717;0.324191;-0.576301;667.438477;-63.255951;179.596573
0.028739;0.744995;0.318682;-0.585319;669.273071;-63.080078;181.390442
0.028286;0.74506;0.318005;-0.585627;670.983154;-62.897778;183.281265
0.008607;0.777029;0.350432;-0.522829;672.605225;-62.722073;185.206421
0.026001;0.747635;0.319375;-0.581693;674.273499;-62.509731;186.917297
0.028713;0.741737;0.31315;-0.592401;675.77124;-62.31543;188.838013
0.01543;0.764579;0.335642;-0.550022;677.217285;-62.110508;190.814331
0.018323;0.759078;0.3297;-0.561037;678.617004;-61.907234;192.776047
0.018293;0.75911;0.329254;-0.561257;679.970276;-61.702892;194.71994
0.003659;0.781767;0.353159;-0.513912;681.174744;-61.5494;196.888916
0.021459;0.752774;0.322422;-0.573511;682.399292;-61.405811;198.874146
0.004195;0.780558;0.351467;-0.516897;683.521545;-61.287079;201.053299
0.018919;0.75672;0.326197;-0.566227;684.623413;-61.166908;203.122772
0.005887;0.777781;0.348316;-0.523162;685.694702;-61.041061;205.28157
0.009587;0.771729;0.341889;-0.536147;686.689209;-60.903046;207.43306
0.006642;0.776294;0.346852;-0.526324;687.705994;-60.722912;209.579788
0.006279;0.777223;0.347651;-0.524428;688.674255;-60.504601;211.679138
0.004321;0.780135;0.350942;-0.51789;689.580627;-60.274685;213.803284
0.000018;0.786933;0.358208;-0.502417;690.387268;-60.030178;216.011047
-0.001325;0.789044;0.360544;-0.497409;691.126038;-59.797878;218.254089
0.004659;0.780853;0.351098;-0.516699;691.83728;-59.56562;220.422424
0.004768;0.781378;0.351318;-0.515754;692.473877;-59.351955;222.71315
0.006026;0.780075;0.349667;-0.518825;693.05304;-59.144897;225.10083
0.002105;0.786395;0.356395;-0.50454;693.602356;-58.967754;227.523804
0.00237;0.786589;0.356486;-0.504172;694.13092;-58.778828;230.11557
0.000778;0.790069;0.359844;-0.496288;694.673035;-58.54929;232.706711
0.002217;0.788669;0.35823;-0.499668;695.236694;-58.310715;235.357925
0.00797;0.781505;0.349892;-0.516491;695.752319;-58.003845;238.098145
0.00838;0.782163;0.350214;-0.515267;696.285889;-57.667229;240.869843
-0.002;0.79786;0.36728;-0.478038;696.720398;-57.335732;243.745804
-0.00585;0.804049;0.373801;-0.462324;697.107483;-56.977566;246.672943
-0.001095;0.798815;0.366944;-0.476703;697.423767;-56.618515;249.61377
-0.004079;0.803904;0.371809;-0.464197;697.621033;-56.262669;252.655029
0.004972;0.792844;0.35809;-0.493098;697.760559;-55.929241;255.619995
-0.004747;0.806806;0.372642;-0.458453;697.737854;-55.645382;258.691772
-0.006348;0.809787;0.374654;-0.451486;697.6922;-55.379269;261.644989
0.002397;0.799433;0.361079;-0.480129;697.444946;-55.174427;264.790863
-0.004124;0.808241;0.369783;-0.458247;697.070129;-55.018875;267.945923
-0.00167;0.806051;0.365272;-0.465678;696.631714;-54.856743;271.019928
-0.005499;0.81162;0.369797;-0.452208;696.059875;-54.716591;274.147369
-0.003544;0.80985;0.365664;-0.458716;695.325867;-54.629234;277.30719
0.003016;0.801846;0.354698;-0.480857;694.492798;-54.560707;280.421875
-0.006931;0.814679;0.367385;-0.448641;693.443115;-54.549698;283.610962
0.00642;0.798601;0.346732;-0.491906;692.351013;-54.549133;286.696747
-0.000202;0.807144;0.354444;-0.47211;691.023376;-54.610207;289.895691
-0.009138;0.818019;0.365202;-0.444284;689.606018;-54.643658;293.023438
0.00705;0.798374;0.340617;-0.496518;688.01593;-54.681328;296.294525
0.01635;0.785925;0.325287;-0.525588;686.320496;-54.702984;299.444214
0.005636;0.801196;0.339728;-0.492583;684.507568;-54.732426;302.594177
-0.00423;0.813266;0.351888;-0.463416;682.436646;-54.835018;305.862091
0.00183;0.806425;0.342122;-0.482315;680.335693;-54.93541;308.911652
-0.005013;0.814772;0.350203;-0.462039;677.937683;-55.123264;312.137268
0.009207;0.797817;0.329244;-0.504977;675.517761;-55.343273;315.079376
0.006363;0.801918;0.332143;-0.496555;672.800232;-55.69062;318.172119
0.010625;0.796652;0.325036;-0.509493;669.892334;-56.136223;321.263947
0.019581;0.784826;0.311265;-0.535517;666.884094;-56.671803;324.197754
0.005193;0.804385;0.331025;-0.493316;663.637329;-57.31152;327.217743
0.012564;0.795437;0.320271;-0.514343;660.271362;-57.988789;330.161102
0.008468;0.801281;0.325834;-0.501707;656.715881;-58.720383;333.092682
0.020071;0.786724;0.309579;-0.533688;653.073975;-59.483799;335.859619
0.037011;0.762228;0.284945;-0.580039;649.226379;-60.307358;338.731445
0.019057;0.790056;0.312196;-0.52724;645.226318;-61.184052;341.550507
0.025771;0.782151;0.303556;-0.543534;641.120911;-62.109993;344.177887
0.022358;0.788402;0.309658;-0.53107;636.851624;-63.09317;346.849762
0.049133;0.748681;0.271301;-0.602875;632.481262;-64.130013;349.38623
0.034267;0.774502;0.295347;-0.558339;627.967346;-65.218025;351.902649
0.058599;0.736602;0.260352;-0.62145;623.38446;-66.344238;354.285553
0.0685;0.721372;0.247116;-0.643323;618.721008;-67.48877;356.566101
0.075499;0.710511;0.238207;-0.657823;613.972351;-68.671303;358.771332
0.0771;0.710614;0.238538;-0.657406;609.140198;-69.855827;360.920593
0.086395;0.695348;0.226328;-0.676611;604.280151;-71.063423;362.890564
0.087871;0.695984;0.227214;-0.67547;599.347412;-72.29055;364.796967
0.104317;0.664544;0.202901;-0.711569;594.390381;-73.554451;366.50531
0.100559;0.676934;0.213002;-0.697337;589.355469;-74.868713;368.232086
0.088199;0.70715;0.237333;-0.660177;584.348022;-76.208725;369.780548
0.08982;0.708089;0.238438;-0.658551;579.302307;-77.600639;371.223114
0.135185;0.608057;0.164038;-0.764907;574.255615;-79.026138;372.621521
0.118673;0.654934;0.198724;-0.719365;569.250854;-80.483116;373.841614
0.148386;0.583701;0.149006;-0.784265;564.180176;-81.995071;375.085175
0.15052;0.58402;0.150345;-0.783365;559.147034;-83.528023;376.179688
0.140211;0.617503;0.17471;-0.753994;554.055542;-85.121445;377.299316
0.162065;0.563151;0.138911;-0.79831;549.03363;-86.710648;378.168091
0.155786;0.587758;0.156821;-0.778254;543.962769;-88.333252;379.052795
0.190079;0.485438;0.092263;-0.848356;538.863464;-89.991882;379.865326
0.217223;0.385849;0.034095;-0.895976;533.787048;-91.675858;380.547211
0.200087;0.463346;0.082588;-0.859334;528.663086;-93.411324;381.260864
0.231986;0.33211;0.007738;-0.914235;523.560547;-95.169998;381.885529
0.214131;0.422805;0.062528;-0.878336;518.510559;-96.945602;382.346771
0.235014;0.333147;0.013242;-0.91302;513.445923;-98.749649;382.882111
0.234667;0.342797;0.021118;-0.909382;508.391907;-100.5616;383.343384
0.23444;0.351736;0.028591;-0.905816;503.358063;-102.370438;383.763306
0.219367;0.429632;0.075554;-0.872689;498.325104;-104.167343;384.227417
0.231083;0.383677;0.051514;-0.892602;493.321655;-105.941391;384.576172
0.243569;0.324061;0.020628;-0.913911;488.262756;-107.737183;385.043152
0.253393;0.270783;-0.005797;-0.928674;483.188538;-109.525696;385.50296
0.254736;0.267761;-0.004725;-0.929188;478.125732;-111.315903;385.938782
0.261879;0.220235;-0.027286;-0.93924;473.015228;-113.118385;386.478577
0.233178;0.398848;0.072692;-0.883892;467.924683;-114.903572;387.021698
0.270862;0.143816;-0.061359;-0.949835;462.839111;-116.627792;387.641571
0.250215;0.310298;0.029371;-0.916649;457.821594;-118.275467;388.236053
0.250863;0.306909;0.030427;-0.917578;452.797424;-119.881134;388.959412
0.259083;0.248503;0.002032;-0.933337;447.848877;-121.406174;389.684692
0.249618;0.316369;0.041451;-0.914266;442.948486;-122.843636;390.420105
0.251406;0.304406;0.037858;-0.917986;438.089355;-124.219894;391.19577
0.263587;0.204016;-0.01289;-0.942726;433.274506;-125.538437;392.002258
0.253372;0.289512;0.035285;-0.922356;428.522491;-126.78392;392.711304
0.24653;0.337403;0.063869;-0.906258;423.792694;-127.963036;393.444397
0.248107;0.326355;0.060148;-0.91012;419.115784;-129.098145;394.085724
0.262124;0.207507;-0.001541;-0.942459;414.465332;-130.201614;394.710388
0.264213;0.18461;-0.011652;-0.946559;409.843201;-131.241852;395.275055
0.262847;0.195378;-0.00446;-0.944838;405.254272;-132.298187;395.739227
0.262961;0.193883;-0.003814;-0.945117;400.700562;-133.288635;396.119751
0.254817;0.272548;0.039207;-0.926957;396.141754;-134.28035;396.509796
0.254827;0.271256;0.039509;-0.92732;391.6297;-135.232697;396.845184
0.254885;0.270525;0.039969;-0.927498;387.18103;-136.119751;397.081848
0.260186;0.217375;0.012263;-0.940692;382.776733;-136.975021;397.262238
0.258091;0.237264;0.02341;-0.936241;378.440369;-137.777603;397.33313
0.260884;0.205763;0.00714;-0.94316;374.171265;-138.531143;397.315033
0.262276;0.188914;-0.001309;-0.94632;369.973175;-139.233246;397.189606
0.259099;0.224394;0.017817;-0.939254;365.761627;-139.934753;397.092957
0.253801;0.275796;0.045705;-0.925977;361.555695;-140.616623;396.947876
0.250183;0.306189;0.062458;-0.916382;357.384064;-141.317017;396.649048
0.267307;0.109212;-0.041718;-0.956493;353.202148;-142.03598;396.288239
0.266539;0.123011;-0.034301;-0.955327;348.976929;-142.768112;395.891174
0.258813;0.229276;0.021984;-0.938064;344.75412;-143.482361;395.385254
0.25883;0.228481;0.021934;-0.938255;340.505615;-144.206131;394.81958
0.260179;0.215558;0.015476;-0.941064;336.293579;-144.869766;394.120361
0.245525;0.345945;0.08634;-0.901435;332.10611;-145.443497;393.344391
0.256795;0.25367;0.036803;-0.931855;327.942719;-145.891754;392.464325
0.249751;0.317974;0.071978;-0.911776;323.811096;-146.148361;391.509216
0.260354;0.221185;0.020407;-0.939615;319.707184;-146.238739;390.56601
0.257875;0.25314;0.037776;-0.931662;315.669525;-146.130295;389.438782
0.257474;0.25789;0.040466;-0.930356;311.664551;-145.914978;388.374969
0.251851;0.310836;0.068954;-0.913892;307.700714;-145.565536;387.218475
0.252043;0.310924;0.068847;-0.913817;303.793213;-145.147293;386.07724
0.26216;0.217788;0.01878;-0.93994;299.922272;-144.646378;384.98941
0.266819;0.162489;-0.010579;-0.949891;296.144379;-144.086685;383.794556
0.257367;0.271017;0.046236;-0.926377;292.414154;-143.491455;382.698303
0.265875;0.183261;-0.000624;-0.946428;288.782104;-142.832153;381.513214
0.252377;0.317323;0.070171;-0.911421;285.231598;-142.154068;380.424896
0.26442;0.205849;0.010361;-0.942126;281.775238;-141.437866;379.317291
0.264507;0.206763;0.010509;-0.941899;278.39801;-140.69545;378.2854
0.265721;0.194065;0.003596;-0.944308;275.128815;-139.975113;377.267517
0.267012;0.17784;-0.005139;-0.947128;271.977539;-139.253891;376.195099
0.263019;0.226019;0.019863;-0.937732;268.91217;-138.565384;375.139374
0.264675;0.208705;0.010505;-0.941424;265.885468;-137.888245;374.199066
0.265698;0.195875;0.003455;-0.943942;262.971802;-137.27066;373.14502
0.261602;0.240094;0.026352;-0.934465;260.099915;-136.669479;372.214081
0.244633;0.373472;0.097729;-0.889451;257.33783;-136.114487;371.124268
0.267147;0.177521;-0.007524;-0.947134;254.67688;-135.569931;370.040741
0.268045;0.166768;-0.013741;-0.948763;252.142517;-135.033905;368.839661
0.237718;0.413776;0.118076;-0.870826;249.716766;-134.472458;367.630768
0.256415;0.28762;0.048413;-0.921511;247.458237;-133.882141;366.257111
0.260642;0.24985;0.027306;-0.932146;245.31102;-133.25412;364.919891
0.257369;0.279746;0.042137;-0.923974;243.256592;-132.584778;363.551453
0.266136;0.193756;-0.004585;-0.944251;241.263931;-131.911011;362.170593
0.264887;0.208014;0.001466;-0.941575;239.328827;-131.175125;360.878326
0.266275;0.192728;-0.00811;-0.944398;237.418854;-130.406113;359.585907
0.261093;0.243498;0.016935;-0.933944;235.570679;-129.579849;358.364197
0.254847;0.292815;0.04152;-0.920645;233.797073;-128.704636;357.175018
0.261181;0.236628;0.009916;-0.935785;232.123795;-127.755013;356.060669
0.260141;0.241735;0.011057;-0.934756;230.581436;-126.734734;354.935028
0.266169;0.177885;-0.023955;-0.947068;229.150803;-125.613976;353.898041
0.26869;0.141959;-0.043973;-0.951693;227.828461;-124.364136;352.924347
0.258044;0.243417;0.008005;-0.934932;226.612274;-122.950043;352.004364
0.27041;0.102891;-0.066735;-0.954902;225.491379;-121.321579;351.110474
0.261768;0.198479;-0.018486;-0.944321;224.418945;-119.48851;350.369354
0.264504;0.161957;-0.039189;-0.94988;223.396622;-117.446182;349.752991
0.262017;0.182194;-0.030285;-0.947225;222.414627;-115.177734;349.222565
0.25601;0.229664;-0.006966;-0.93897;221.434128;-112.703201;348.969086
0.261972;0.166934;-0.04234;-0.949585;220.47966;-110.02636;348.882751
0.254202;0.230546;-0.010774;-0.939209;219.552109;-107.161438;348.953735
0.256755;0.201358;-0.028796;-0.94483;218.665268;-104.106636;349.272003
0.239897;0.31667;0.03165;-0.917152;217.814163;-100.876015;349.736694
0.251967;0.226223;-0.020487;-0.9407;217.030716;-97.465294;350.253204
0.252505;0.213623;-0.029962;-0.943244;216.279526;-93.892632;351.023682
0.256603;0.171147;-0.055536;-0.949621;215.600281;-90.140968;351.830231
0.257387;0.15668;-0.066129;-0.951226;214.962601;-86.21907;352.808075
0.251085;0.201066;-0.045336;-0.945766;214.386642;-82.145523;353.766541
0.252359;0.184633;-0.057216;-0.948131;213.819595;-77.908096;354.801331
0.236425;0.287539;-0.003624;-0.928122;213.26709;-73.533585;355.830811
0.250159;0.189026;-0.060896;-0.947619;212.742172;-69.004517;356.835052
0.246356;0.211077;-0.051815;-0.944495;212.185944;-64.329147;357.909363
0.246918;0.202584;-0.05929;-0.945767;211.633438;-59.493542;358.947998
0.245865;0.20497;-0.060739;-0.945436;211.072678;-54.520195;360.030426
0.242383;0.225194;-0.052195;-0.942239;210.486954;-49.385395;361.163055
0.255104;0.128371;-0.107135;-0.952347;209.907486;-44.156437;362.245544
0.250164;0.164915;-0.090114;-0.94979;209.312225;-38.815079;363.35437
0.230884;0.283702;-0.026808;-0.930315;208.751465;-33.357922;364.413635
0.251895;0.149955;-0.103037;-0.950498;208.193375;-27.836029;365.510864
0.244724;0.199504;-0.07864;-0.945581;207.629715;-22.257034;366.727692
0.236592;0.248168;-0.054185;-0.937817;207.114517;-16.665346;367.89856
0.225906;0.305527;-0.024074;-0.924684;206.591019;-11.066429;369.13443
0.229494;0.288089;-0.036527;-0.92898;206.111389;-5.474261;370.37619
0.240331;0.232579;-0.07012;-0.939804;205.63826;0.116881;371.619843
0.248214;0.190068;-0.095772;-0.945035;205.234604;5.720839;372.759186
0.249793;0.187001;-0.099751;-0.944819;204.872162;11.331653;373.907104
0.253704;0.169843;-0.111294;-0.945728;204.580185;16.938004;374.990845
0.254865;0.171198;-0.112945;-0.944975;204.337616;22.530399;376.037109
0.25655;0.17194;-0.114958;-0.944142;204.141708;28.111666;377.025024
0.258324;0.172867;-0.116885;-0.943252;203.988937;33.643028;378.016479
0.256358;0.196203;-0.107055;-0.940385;203.875748;39.137169;378.975555
0.259344;0.1928;-0.111377;-0.939768;203.787109;44.603333;379.977142
0.258286;0.212279;-0.103698;-0.936735;203.735306;50.005749;380.962372
0.278712;0.107042;-0.159862;-0.940907;203.717072;55.362164;381.90332
0.274623;0.152856;-0.139409;-0.939032;203.742737;60.66925;382.841827
0.280318;0.13686;-0.149893;-0.938202;203.835449;65.911133;383.643524
0.282375;0.14539;-0.148275;-0.936558;203.94899;71.120239;384.476654
0.2795;0.181408;-0.133331;-0.933378;204.106415;76.283928;385.216003
0.282704;0.183851;-0.135198;-0.931664;204.28511;81.398674;385.838348
0.303196;0.084954;-0.185181;-0.930894;204.471741;86.421318;386.463074
0.29405;0.162403;-0.151973;-0.92955;204.673981;91.365837;386.989197
0.300458;0.148732;-0.16157;-0.92817;204.853653;96.239838;387.510437
0.30796;0.127173;-0.174617;-0.926551;205.065735;101.058876;387.957489
0.301922;0.179451;-0.153722;-0.923585;205.256897;105.857071;388.334412
0.313735;0.136384;-0.176599;-0.922921;205.429108;110.625107;388.722046
0.316592;0.140365;-0.178001;-0.921077;205.608047;115.398911;389.035126
0.312211;0.179492;-0.163821;-0.918406;205.738388;120.114258;389.43515
0.322555;0.144108;-0.18296;-0.917451;205.892944;124.793449;389.695007
0.320697;0.169192;-0.175445;-0.915285;206.035294;129.394653;389.8909
0.328424;0.146102;-0.188946;-0.913833;206.171509;133.903442;390.029266
0.333723;0.134233;-0.197447;-0.911935;206.333466;138.295288;390.046021
0.321326;0.204667;-0.17084;-0.908666;206.488327;142.534271;390.038177
0.338699;0.136089;-0.20363;-0.908459;206.695969;146.641586;389.869537
0.316804;0.241718;-0.162063;-0.902742;206.902618;150.597336;389.673859
0.328234;0.203985;-0.182284;-0.904116;207.188095;154.428406;389.273651
0.3339;0.188761;-0.192383;-0.903255;207.477386;158.098877;388.921814
0.345562;0.145817;-0.213655;-0.90204;207.84259;161.651276;388.364716
0.338572;0.184364;-0.201508;-0.90043;208.230042;165.073074;387.780579
0.341487;0.179378;-0.207219;-0.899039;208.690582;168.343048;387.0914
0.34154;0.18537;-0.208478;-0.897511;209.215179;171.450348;386.313202
0.341587;0.191321;-0.20976;-0.895944;209.801559;174.389801;385.457855
0.344204;0.186497;-0.215426;-0.894614;210.45932;177.144257;384.471039
0.343961;0.192453;-0.216712;-0.893134;211.182663;179.680679;383.422272
0.339098;0.214906;-0.211239;-0.891182;211.955139;182.014999;382.317932
0.344917;0.197563;-0.221878;-0.890377;212.780136;184.139191;381.146515
0.33787;0.226609;-0.213609;-0.88818;213.631882;186.048645;379.953613
0.345599;0.20195;-0.227058;-0.887819;214.534439;187.762192;378.768127
0.345108;0.206335;-0.228665;-0.886588;215.490707;189.305557;377.525482
0.353148;0.179596;-0.242506;-0.885563;216.514557;190.687057;376.25058
0.344995;0.210817;-0.233447;-0.884328;217.579849;191.915024;374.958984
0.351798;0.188422;-0.245537;-0.883429;218.689117;192.961105;373.689423
0.362733;0.150511;-0.263203;-0.88119;219.834763;193.821167;372.406403
0.352768;0.188533;-0.251858;-0.881237;221.010757;194.518936;371.074036
0.352298;0.191271;-0.253907;-0.880246;222.205872;195.042023;369.797333
0.354673;0.184213;-0.259669;-0.879116;223.425827;195.403717;368.537567
0.350114;0.200191;-0.256425;-0.878402;224.668472;195.605469;367.297485
0.347409;0.209235;-0.255746;-0.877566;225.92897;195.678589;365.999542
0.368819;0.135825;-0.286248;-0.873834;227.193542;195.612183;364.759308
0.368768;0.136443;-0.288695;-0.872954;228.469406;195.444305;363.518555
0.36368;0.15466;-0.284652;-0.873379;229.736572;195.189758;362.222992
0.354921;0.184458;-0.276067;-0.873953;230.992966;194.869537;360.901367
0.368803;0.136914;-0.29636;-0.870293;232.228989;194.455582;359.610718
0.363343;0.155705;-0.292137;-0.870858;233.455338;194.006287;358.220428
0.370852;0.129925;-0.304092;-0.867823;234.641159;193.52121;356.827576
0.369492;0.134169;-0.305261;-0.867347;235.803604;193.034668;355.413452
0.371236;0.127878;-0.310203;-0.865797;236.90947;192.578217;353.9888
0.370832;0.128884;-0.312602;-0.864958;237.941162;192.160858;352.606934
0.377156;0.106345;-0.323354;-0.861328;238.924652;191.804794;351.195801
0.35583;0.176164;-0.301178;-0.866974;239.820663;191.513458;349.842407
0.366153;0.142281;-0.316786;-0.863328;240.633102;191.276291;348.554474
0.373259;0.117742;-0.328759;-0.859495;241.345047;191.093307;347.293854
0.371844;0.121863;-0.330696;-0.858791;241.980026;190.982147;346.024658
0.373538;0.115547;-0.336448;-0.856692;242.525635;190.915329;344.822876
0.372332;0.119068;-0.33887;-0.85578;242.986328;190.925171;343.635559
0.367022;0.135554;-0.336874;-0.856409;243.370773;191.009064;342.451233
0.376028;0.107078;-0.350624;-0.850999;243.669937;191.184418;341.256622
0.372732;0.117404;-0.351103;-0.85089;243.891251;191.433289;340.082031
0.372178;0.119365;-0.354527;-0.849439;244.019516;191.76062;338.94458
0.372146;0.119934;-0.358496;-0.847705;244.057495;192.142654;337.879181
0.371283;0.123251;-0.361532;-0.846317;244.013245;192.595444;336.823944
0.376604;0.108007;-0.370943;-0.841965;243.878662;193.115036;335.814331
0.366476;0.139074;-0.364558;-0.84466;243.658386;193.678726;334.856995
0.371972;0.124873;-0.373701;-0.84047;243.36142;194.28421;333.890778
0.369113;0.135015;-0.374526;-0.839796;242.96315;194.92955;332.997009
0.3713;0.130654;-0.380449;-0.836854;242.524353;195.625458;332.025665
0.371277;0.133285;-0.384051;-0.834801;242.009399;196.346207;331.102234
0.373566;0.130333;-0.389563;-0.831686;241.418991;197.062485;330.152649
0.364959;0.157103;-0.38507;-0.832973;240.764023;197.759323;329.280212
0.365099;0.159972;-0.388885;-0.83059;240.119263;198.399139;328.286163
0.37192;0.146658;-0.398116;-0.825633;239.410294;198.978012;327.34552
0.380011;0.129854;-0.408267;-0.819785;238.688644;199.480759;326.385498
0.373542;0.151482;-0.405696;-0.820323;237.947937;199.925461;325.447083
0.383296;0.131059;-0.416679;-0.81381;237.167145;200.294846;324.511536
0.384408;0.13289;-0.420283;-0.81113;236.391968;200.592789;323.563568
0.375476;0.159693;-0.415692;-0.812845;235.538132;200.80957;322.746613
0.376591;0.160791;-0.419193;-0.81031;234.674454;200.928482;321.919586
0.374197;0.169976;-0.419874;-0.809191;233.771881;200.952087;321.143005
0.390816;0.134207;-0.434419;-0.800332;232.860229;200.880249;320.358612
0.382338;0.158013;-0.430371;-0.802266;231.947098;200.726059;319.552429
0.382572;0.160979;-0.432529;-0.800402;231.021744;200.475281;318.775818
0.382668;0.164531;-0.434362;-0.798639;230.095444;200.11528;317.993011
0.38218;0.168914;-0.435878;-0.79713;229.212036;199.648819;317.120544
0.372484;0.193688;-0.430855;-0.798815;228.348846;199.060226;316.228394
0.386842;0.16525;-0.442443;-0.792016;227.524551;198.36644;315.2612
0.384518;0.173423;-0.442614;-0.791305;226.725784;197.546631;314.323273
0.385362;0.175154;-0.444574;-0.789412;225.951721;196.617432;313.29776
0.377321;0.195252;-0.440879;-0.790653;225.193161;195.578781;312.290833
0.381416;0.189218;-0.445201;-0.787727;224.438934;194.463913;311.217163
0.403333;0.144302;-0.46056;-0.777421;223.666687;193.277145;310.154602
0.385848;0.184984;-0.451213;-0.783141;222.861771;192.016983;309.12796
0.377656;0.204475;-0.447615;-0.784351;222.037857;190.698318;308.045868
0.389575;0.181649;-0.456827;-0.778809;221.159851;189.300507;306.97934
0.378651;0.20618;-0.451725;-0.781062;220.214569;187.841507;305.980194
0.378041;0.208695;-0.453234;-0.779815;219.218582;186.314362;304.935791
0.363743;0.238305;-0.446029;-0.782278;218.148773;184.746109;303.912018
0.376338;0.214515;-0.455821;-0.777547;217.018784;183.141602;302.876953
0.386751;0.194395;-0.464069;-0.772835;215.779602;181.495422;301.894653
0.368166;0.231433;-0.45493;-0.77713;214.448334;179.831345;300.896637
0.393511;0.182081;-0.471915;-0.767654;213.039993;178.166901;299.848083
0.383915;0.201768;-0.46845;-0.76971;211.51387;176.490433;298.822266
0.372762;0.223667;-0.464081;-0.771784;209.89006;174.812851;297.749146
0.37122;0.226819;-0.465413;-0.770804;208.151825;173.108307;296.68689
0.366037;0.236772;-0.464573;-0.770797;206.308746;171.369141;295.565765
0.373422;0.223093;-0.47116;-0.767329;204.353821;169.57518;294.338135
0.360393;0.247409;-0.465707;-0.76943;202.239197;167.706635;293.178406
0.362966;0.242687;-0.469432;-0.767458;199.991547;165.778549;291.868835
0.373417;0.223411;-0.477542;-0.763283;197.561081;163.766983;290.553009
0.37185;0.225727;-0.478871;-0.762533;194.916367;161.640717;289.261902
0.367792;0.232767;-0.478569;-0.762575;192.060989;159.434265;287.902496
0.36818;0.231716;-0.480599;-0.76143;189.002182;157.117691;286.492981
0.362418;0.240958;-0.479328;-0.762127;185.75;154.676407;285.028839
0.361513;0.241226;-0.480735;-0.761585;182.300751;152.109894;283.599213
0.350619;0.258917;-0.47628;-0.763666;178.676849;149.456314;282.144775
0.358443;0.243392;-0.48256;-0.761193;174.904648;146.70372;280.708466
0.334108;0.283465;-0.469997;-0.766239;171.016373;143.894791;279.165985
0.333761;0.282084;-0.471401;-0.766037;167.051254;141.039536;277.519623
0.332797;0.281624;-0.472391;-0.766016;163.000061;138.135727;275.870483
0.341415;0.265409;-0.478819;-0.764019;158.895004;135.172958;274.156097
0.314055;0.308763;-0.46373;-0.768758;154.774475;132.188354;272.367096
0.332437;0.277165;-0.476052;-0.765532;150.653687;129.143967;270.592682
0.296072;0.334109;-0.454815;-0.77062;146.607208;126.074745;268.656158
0.325117;0.286558;-0.473781;-0.766625;142.633972;122.959381;266.73175
0.324709;0.286112;-0.474388;-0.76659;138.739822;119.828445;264.732849
0.312776;0.304686;-0.467742;-0.768476;134.916718;116.685043;262.752441
0.313209;0.302962;-0.468642;-0.768433;131.184937;113.558479;260.683289
0.271983;0.365649;-0.442771;-0.772191;127.491531;110.418983;258.700928
0.260064;0.382477;-0.435031;-0.772546;123.820595;107.282227;256.784821
0.295987;0.327656;-0.458631;-0.771162;120.202095;104.171753;254.862106
0.309217;0.305841;-0.466985;-0.769917;116.607193;101.095009;252.973907
0.287355;0.339291;-0.452854;-0.772808;113.051102;98.04911;251.116669
0.255167;0.38669;-0.430982;-0.774348;109.525017;95.046494;249.305481
0.256122;0.384584;-0.431076;-0.775029;106.061378;92.083694;247.456314
0.280803;0.347086;-0.447017;-0.775149;102.617233;89.15992;245.65303
0.289436;0.33328;-0.451874;-0.775217;99.171318;86.266762;243.888977
0.289153;0.333192;-0.450839;-0.775962;95.727165;83.40596;242.167358
0.239899;0.40614;-0.416373;-0.77726;92.264313;80.551781;240.58194
0.215554;0.439961;-0.397848;-0.775685;88.792641;77.694954;239.097275
0.277913;0.349391;-0.440603;-0.778819;85.323151;74.859818;237.705185
0.277399;0.3504;-0.439114;-0.77939;81.869003;72.054504;236.333084
0.263266;0.371936;-0.428424;-0.780261;78.416481;69.248772;235.183838
0.218538;0.436662;-0.395516;-0.777904;74.978607;66.486328;234.032227
0.255567;0.384715;-0.420695;-0.78083;71.527687;63.790783;232.908005
0.257007;0.383303;-0.420578;-0.781114;68.079231;61.114216;231.973251
0.235347;0.415905;-0.404015;-0.780004;64.619156;58.498581;231.04425
0.23574;0.416817;-0.402995;-0.779927;61.129627;55.925423;230.153748
0.235581;0.418571;-0.401582;-0.779764;57.611122;53.389053;229.259201
0.196599;0.47363;-0.371764;-0.773831;54.03804;50.873989;228.404312
0.207811;0.460438;-0.378787;-0.775456;50.387623;48.388939;227.556305
0.229828;0.431778;-0.393653;-0.778322;46.682873;45.957172;226.69989
0.214193;0.455357;-0.381029;-0.775621;42.900143;43.593559;225.937866
0.203093;0.472426;-0.371599;-0.772969;39.055283;41.334061;225.195892
0.245869;0.415332;-0.401298;-0.778465;35.169514;39.188412;224.401306
0.2463;0.416838;-0.400523;-0.777923;31.291306;37.145023;223.629532
0.238282;0.430727;-0.393778;-0.776295;27.409464;35.216694;222.882034
0.214002;0.466787;-0.375397;-0.771615;23.536684;33.352772;222.071365
0.132397;0.570992;-0.313284;-0.74719;19.705999;31.557049;221.228226
0.13666;0.568231;-0.316057;-0.747359;15.897356;29.783735;220.34581
0.155377;0.548467;-0.329917;-0.752461;12.119971;28.025341;219.458908
0.172425;0.530219;-0.342249;-0.756309;8.367437;26.28755;218.517868
0.171081;0.534162;-0.340877;-0.754457;4.664354;24.566917;217.500748
0.172703;0.534474;-0.341813;-0.753442;0.992014;22.843203;216.416779
0.172847;0.536616;-0.341687;-0.751942;-2.619364;21.139273;215.254486
0.086337;0.63519;-0.276118;-0.716127;-6.147108;19.444492;213.995651
0.150316;0.567573;-0.324895;-0.741424;-9.592278;17.745848;212.659302
